原始链接,新链接,源内容ID,目标内容ID
/upfiles/image/20180303094212.jpg,/static/upfiles/old/20180303094212.jpg,810,405
http://www.tttou.com.cn/sanyuan-img/upfiles/image/20141127145757.jpg,/static/upfiles/old/20141127145757.jpg,671,348
http://www.tttou.com.cn/sanyuan-img/upfiles/UploadFile/09102009219.jpg,/static/upfiles/old/09102009219.jpg,451,280
/upfiles/image/20180704133230.jpg,/static/upfiles/old/20180704133230.jpg,815,410
http://www.tttou.com.cn/sanyuan-img/upfiles/image/20150109130726.jpg,/static/upfiles/old/20150109130726.jpg,673,350
/upfiles/image/20160216080033.jpg,/static/upfiles/old/20160216080033.jpg,734,370
http://www.tttou.com.cn/sanyuan-img/upfiles/image/20140714091618.jpg,/static/upfiles/old/20140714091618.jpg,664,342
/upfiles/image/20180303093912.jpg,/static/upfiles/old/20180303093912.jpg,810,405
http://www.tttou.com.cn/sanyuan-img/upfiles/UploadFile2/20135991637391.jpg,/static/upfiles/old/20135991637391.jpg,647,331
/upfiles/image/20171226091033.jpg,/static/upfiles/old/20171226091033.jpg,799,398
/upfiles/image/20191009110304.jpg,/static/upfiles/old/20191009110304.jpg,825,417
http://www.tttou.com.cn/sanyuan-img/upfiles/image/20140901083353.jpg,/static/upfiles/old/20140901083353.jpg,666,344
/upfiles/image/20181229104749.jpg,/static/upfiles/old/20181229104749.jpg,819,413
http://www.tttou.com.cn/sanyuan-img/upfiles/UploadFile2/20118298444567.jpg,/static/upfiles/old/20118298444567.jpg,607,298
http://www.tttou.com.cn/sanyuan-img/upfiles/UploadFile2/2012710153112535.jpg,/static/upfiles/old/2012710153112535.jpg,630,317
http://www.tttou.com.cn/sanyuan-img/upfiles/image/20140714091635.jpg,/static/upfiles/old/20140714091635.jpg,664,342
http://www.tttou.com.cn/sanyuan-img/upfiles/UploadFile2/201351392928964.jpg,/static/upfiles/old/201351392928964.jpg,650,332
http://www.tttou.com.cn/sanyuan-img/upfiles/UploadFile2/2012727145241470.jpg,/static/upfiles/old/2012727145241470.jpg,632,319
http://t.qdyujin.cn/d/file/content/2019/12/5e0afae42c728.jpg,/static/upfiles/old/5e0afae42c728.jpg,828,420
http://www.tttou.com.cn/sanyuan-img/upfiles/UploadFile2/2012710153044936.jpg,/static/upfiles/old/2012710153044936.jpg,630,317
http://www.tttou.com.cn/sanyuan-img/upfiles/image/20150511121307.jpg,/static/upfiles/old/20150511121307.jpg,692,357
http://www.tttou.com.cn/sanyuan-img/upfiles/image/20140714091256.jpg,/static/upfiles/old/20140714091256.jpg,664,342
/upfiles/image/20160118075227.jpg,/static/upfiles/old/20160118075227.jpg,728,366
http://www.tttou.com.cn/sanyuan-img/upfiles/image/20141020083327.jpg,/static/upfiles/old/20141020083327.jpg,670,347
http://www.tttou.com.cn/sanyuan-img/upfiles/image/20140711145013.jpg,/static/upfiles/old/20140711145013.jpg,662,340
http://www.tttou.com.cn/sanyuan-img/upfiles/UploadFile2/20121228142154859.jpg,/static/upfiles/old/20121228142154859.jpg,644,328
http://www.tttou.com.cn/sanyuan-img/upfiles/UploadFile2/2011108103731799.jpg,/static/upfiles/old/2011108103731799.jpg,609,300
/upfiles/image/20160728173417.png,/static/upfiles/old/20160728173417.png,767,379
http://www.tttou.com.cn/sanyuan-img/upfiles/UploadFile2/2012101113447728.jpg,/static/upfiles/old/2012101113447728.jpg,637,323
http://www.tttou.com.cn/sanyuan-img/upfiles/UploadFile2/20121011134318110.jpg,/static/upfiles/old/20121011134318110.jpg,637,323
http://www.tttou.com.cn/sanyuan-img/upfiles/UploadFile2/20121011133544542.jpg,/static/upfiles/old/20121011133544542.jpg,637,323
/upfiles/image/20180222122142.jpg,/static/upfiles/old/20180222122142.jpg,808,404
/upfiles/image/20171123133306.jpg,/static/upfiles/old/20171123133306.jpg,785,387
http://www.tttou.com.cn/sanyuan-img/upfiles/UploadFile/08110308612.jpg,/static/upfiles/old/08110308612.jpg,441,270
http://www.tttou.com.cn/sanyuan-img/upfiles/image/20140714091611.jpg,/static/upfiles/old/20140714091611.jpg,664,342
http://www.tttou.com.cn/sanyuan-img/upfiles/UploadFile2/2012710151648664.jpg,/static/upfiles/old/2012710151648664.jpg,628,316
/upfiles/image/20160311080746.png,/static/upfiles/old/20160311080746.png,738,372
http://www.tttou.com.cn/sanyuan-img/upfiles/UploadFile/10031209745.jpg,/static/upfiles/old/10031209745.jpg,454,283
http://www.tttou.com.cn/sanyuan-img/upfiles/image/20140714091603.jpg,/static/upfiles/old/20140714091603.jpg,664,342
http://www.tttou.com.cn/sanyuan-img/upfiles/UploadFile2/2012127134039740.jpg,/static/upfiles/old/2012127134039740.jpg,643,327
http://www.tttou.com.cn/sanyuan-img/upfiles/image/20140711145145.jpg,/static/upfiles/old/20140711145145.jpg,662,340
http://www.tttou.com.cn/sanyuan-img/upfiles/UploadFile/10031209479.jpg,/static/upfiles/old/10031209479.jpg,454,283
/upfiles/image/20150713132701.jpg,/static/upfiles/old/20150713132701.jpg,696,359
http://www.tttou.com.cn/sanyuan-img/upfiles/UploadFile2/201351392916260.jpg,/static/upfiles/old/201351392916260.jpg,650,332
http://www.tttou.com.cn/sanyuan-img/upfiles/image/20141127145834.jpg,/static/upfiles/old/20141127145834.jpg,671,348
http://www.tttou.com.cn/sanyuan-img/upfiles/image/20140714091458.jpg,/static/upfiles/old/20140714091458.jpg,664,342
http://www.tttou.com.cn/sanyuan-img/upfiles/UploadFile/09021009548.jpg,/static/upfiles/old/09021009548.jpg,445,274
/upfiles/image/20160216080043.jpg,/static/upfiles/old/20160216080043.jpg,734,370
http://www.tttou.com.cn/sanyuan-img/upfiles/image/20140711150010.jpg,/static/upfiles/old/20140711150010.jpg,663,341
/upfiles/image/20170504092121.jpg,/static/upfiles/old/20170504092121.jpg,788,389
http://www.tttou.com.cn/sanyuan-img/upfiles/UploadFile2/201211282438525.jpg,/static/upfiles/old/201211282438525.jpg,621,309
/upfiles/image/20180303094126.jpg,/static/upfiles/old/20180303094126.jpg,810,405
http://www.tttou.com.cn/sanyuan-img/upfiles/UploadFile2/201388112956639.jpg,/static/upfiles/old/201388112956639.jpg,652,334
http://www.tttou.com.cn/sanyuan-img/upfiles/image/20150511121300.jpg,/static/upfiles/old/20150511121300.jpg,692,357
http://www.tttou.com.cn/sanyuan-img/upfiles/UploadFile/10032608C1E.jpg,/static/upfiles/old/10032608C1E.jpg,455,284
http://www.tttou.com.cn/sanyuan-img/upfiles/image/20150109130750.jpg,/static/upfiles/old/20150109130750.jpg,673,350
http://www.tttou.com.cn/sanyuan-img/upfiles/UploadFile/08123111989.jpg,/static/upfiles/old/08123111989.jpg,443,272
http://www.tttou.com.cn/sanyuan-img/upfiles/UploadFile2/201388112956639.jpg,/static/upfiles/old/201388112956639.jpg,653,335
http://www.tttou.com.cn/sanyuan-img/upfiles/image/20141127145902.jpg,/static/upfiles/old/20141127145902.jpg,671,348
http://www.tttou.com.cn/sanyuan-img/upfiles/UploadFile/10032608C12.jpg,/static/upfiles/old/10032608C12.jpg,455,284
http://www.tttou.com.cn/sanyuan-img/upfiles/image/20140714091327.jpg,/static/upfiles/old/20140714091327.jpg,664,342
http://www.tttou.com.cn/sanyuan-img/upfiles/UploadFile2/2012210153839146.jpg,/static/upfiles/old/2012210153839146.jpg,622,310
/upfiles/image/20161013095149.png,/static/upfiles/old/20161013095149.png,769,381
/upfiles/image/20170105101801.png,/static/upfiles/old/20170105101801.png,780,385
/upfiles/image/20160506075609.jpg,/static/upfiles/old/20160506075609.jpg,763,377
http://www.tttou.com.cn/sanyuan-img/upfiles/UploadFile2/2011108103716246.jpg,/static/upfiles/old/2011108103716246.jpg,609,300
http://www.tttou.com.cn/sanyuan-img/upfiles/UploadFile/10061708A9F.jpg,/static/upfiles/old/10061708A9F.jpg,459,288
/upfiles/image/20161129154732.jpg,/static/upfiles/old/20161129154732.jpg,772,383
http://www.tttou.com.cn/sanyuan-img/upfiles/UploadFile/09101908D09.jpg,/static/upfiles/old/09101908D09.jpg,451,280
http://www.tttou.com.cn/sanyuan-img/upfiles/UploadFile2/20135139292341.jpg,/static/upfiles/old/20135139292341.jpg,650,332
/upfiles/image/20180303094152.jpg,/static/upfiles/old/20180303094152.jpg,810,405
http://www.tttou.com.cn/sanyuan-img/upfiles/UploadFile2/201188134633328.jpg,/static/upfiles/old/201188134633328.jpg,582,294
http://www.tttou.com.cn/sanyuan-img/upfiles/UploadFile2/201188143427952.jpg,/static/upfiles/old/201188143427952.jpg,580,293
http://www.tttou.com.cn/sanyuan-img/upfiles/UploadFile/10061708AC4.jpg,/static/upfiles/old/10061708AC4.jpg,459,288
http://www.tttou.com.cn/sanyuan-img/upfiles/UploadFile2/2012710151532325.jpg,/static/upfiles/old/2012710151532325.jpg,628,316
http://player.youku.com/player.php/sid/XNjM3Mjg2Njg0/v.swf,/static/upfiles/old/v.swf,657,337
http://www.tttou.com.cn/sanyuan-img/upfiles/image/20150310084237.jpg,/static/upfiles/old/20150310084237.jpg,677,353
http://www.tttou.com.cn/sanyuan-img/upfiles/UploadFile2/2013101283118250.jpg,/static/upfiles/old/2013101283118250.jpg,654,336
http://www.tttou.com.cn/sanyuan-img/upfiles/image/20140930143748.jpg,/static/upfiles/old/20140930143748.jpg,668,345
http://www.tttou.com.cn/sanyuan-img/upfiles/UploadFile/10061708ABD.jpg,/static/upfiles/old/10061708ABD.jpg,459,288
http://www.tttou.com.cn/sanyuan-img/upfiles/UploadFile/090210092FE.jpg,/static/upfiles/old/090210092FE.jpg,444,273
http://www.tttou.com.cn/sanyuan-img/upfiles/UploadFile2/2011108103827992.jpg,/static/upfiles/old/2011108103827992.jpg,609,300
http://www.tttou.com.cn/sanyuan-img/upfiles/image/20150109130814.jpg,/static/upfiles/old/20150109130814.jpg,673,350
http://www.tttou.com.cn/sanyuan-img/upfiles/image/20140714091351.jpg,/static/upfiles/old/20140714091351.jpg,664,342
http://www.tttou.com.cn/sanyuan-img/upfiles/UploadFile2/20121011133249167.jpg,/static/upfiles/old/20121011133249167.jpg,637,323
http://www.tttou.com.cn/sanyuan-img/upfiles/image/20140714091129.jpg,/static/upfiles/old/20140714091129.jpg,664,342
/upfiles/image/20161129155205.jpg,/static/upfiles/old/20161129155205.jpg,770,382
http://t.qdyujin.cn/d/file/content/2019/12/5e0afade92a38.jpg,/static/upfiles/old/5e0afade92a38.jpg,828,420
http://www.tttou.com.cn/sanyuan-img/upfiles/image/20140714091641.jpg,/static/upfiles/old/20140714091641.jpg,664,342
http://www.tttou.com.cn/sanyuan-img/upfiles/UploadFile2/201211282447933.jpg,/static/upfiles/old/201211282447933.jpg,621,309
/upfiles/image/20191009110323.jpg,/static/upfiles/old/20191009110323.jpg,825,417
/upfiles/image/20180724125713.jpg,/static/upfiles/old/20180724125713.jpg,817,412
http://www.tttou.com.cn/sanyuan-img/upfiles/UploadFile/091020093B1.jpg,/static/upfiles/old/091020093B1.jpg,451,280
/upfiles/image/20160701075656.png,/static/upfiles/old/20160701075656.png,766,378
http://www.tttou.com.cn/sanyuan-img/upfiles/image/20150309123136.jpg,/static/upfiles/old/20150309123136.jpg,676,352
http://www.tttou.com.cn/sanyuan-img/upfiles/image/20150309123146.jpg,/static/upfiles/old/20150309123146.jpg,676,352
http://www.tttou.com.cn/sanyuan-img/upfiles/UploadFile2/20135991751651.jpg,/static/upfiles/old/20135991751651.jpg,647,331
http://www.tttou.com.cn/sanyuan-img/upfiles/UploadFile2/2012710145035456.jpg,/static/upfiles/old/2012710145035456.jpg,626,314
/upfiles/image/20191217165022.jpg,/static/upfiles/old/20191217165022.jpg,827,419
http://www.tttou.com.cn/sanyuan-img/upfiles/UploadFile2/2012710145613574.jpg,/static/upfiles/old/2012710145613574.jpg,627,315
http://www.tttou.com.cn/sanyuan-img/upfiles/UploadFile/10032608C02.jpg,/static/upfiles/old/10032608C02.jpg,455,284
http://www.tttou.com.cn/sanyuan-img/upfiles/UploadFile2/20137169738432.jpg,/static/upfiles/old/20137169738432.jpg,651,333
http://www.tttou.com.cn/sanyuan-img/upfiles/UploadFile2/20118814142701.jpg,/static/upfiles/old/20118814142701.jpg,583,295
/upfiles/image/20170105101917.png,/static/upfiles/old/20170105101917.png,780,385
/upfiles/image/20171123133431.jpg,/static/upfiles/old/20171123133431.jpg,784,386
http://www.tttou.com.cn/sanyuan-img/upfiles/UploadFile2/2012727145215969.jpg,/static/upfiles/old/2012727145215969.jpg,632,319
http://www.tttou.com.cn/sanyuan-img/upfiles/UploadFile2/2012521206221.jpg,/static/upfiles/old/2012521206221.jpg,625,313
http://www.tttou.com.cn/sanyuan-img/upfiles/UploadFile/10042909082.jpg,/static/upfiles/old/10042909082.jpg,457,286
http://www.tttou.com.cn/sanyuan-img/upfiles/UploadFile2/201388112926826.jpg,/static/upfiles/old/201388112926826.jpg,652,334
http://www.tttou.com.cn/sanyuan-img/upfiles/UploadFile/10061708ACB.jpg,/static/upfiles/old/10061708ACB.jpg,459,288
/upfiles/image/20160118075204.jpg,/static/upfiles/old/20160118075204.jpg,728,366
http://www.tttou.com.cn/sanyuan-img/upfiles/image/20140711145106.jpg,/static/upfiles/old/20140711145106.jpg,662,340
http://www.tttou.com.cn/sanyuan-img/upfiles/image/20140711145207.jpg,/static/upfiles/old/20140711145207.jpg,662,340
http://player.youku.com/player.php/sid/XMzEyNjgyMzE2/v.swf,/static/upfiles/old/v.swf,612,302
http://www.tttou.com.cn/sanyuan-img/upfiles/UploadFile/10061708AB4.jpg,/static/upfiles/old/10061708AB4.jpg,459,288
/upfiles/image/20180316084939.jpg,/static/upfiles/old/20180316084939.jpg,811,406
http://www.tttou.com.cn/sanyuan-img/upfiles/UploadFile2/201272714520808.jpg,/static/upfiles/old/201272714520808.jpg,632,319
http://www.tttou.com.cn/sanyuan-img/upfiles/UploadFile2/20135991937983.jpg,/static/upfiles/old/20135991937983.jpg,647,331
http://www.tttou.com.cn/sanyuan-img/upfiles/UploadFile/08111108263.jpg,/static/upfiles/old/08111108263.jpg,442,271
http://www.tttou.com.cn/sanyuan-img/upfiles/UploadFile2/201271015317262.jpg,/static/upfiles/old/201271015317262.jpg,630,317
/upfiles/image/20180704133930.png,/static/upfiles/old/20180704133930.png,815,410
/upfiles/image/20150713132546.jpg,/static/upfiles/old/20150713132546.jpg,696,359
http://www.tttou.com.cn/sanyuan-img/upfiles/UploadFile2/2013101283139628.jpg,/static/upfiles/old/2013101283139628.jpg,654,336
http://www.tttou.com.cn/sanyuan-img/upfiles/UploadFile2/20121011133631650.jpg,/static/upfiles/old/20121011133631650.jpg,637,323
http://www.tttou.com.cn/sanyuan-img/upfiles/UploadFile/100312097EF.jpg,/static/upfiles/old/100312097EF.jpg,454,283
http://www.tttou.com.cn/sanyuan-img/upfiles/image/20150423104633.jpg,/static/upfiles/old/20150423104633.jpg,691,356
/upfiles/image/20171128131255.jpg,/static/upfiles/old/20171128131255.jpg,793,394
http://www.tttou.com.cn/sanyuan-img/upfiles/UploadFile2/2013220102552809.jpg,/static/upfiles/old/2013220102552809.jpg,646,330
http://www.tttou.com.cn/sanyuan-img/upfiles/UploadFile2/2012710151614865.jpg,/static/upfiles/old/2012710151614865.jpg,628,316
http://www.tttou.com.cn/sanyuan-img/upfiles/UploadFile2/2012127134534903.jpg,/static/upfiles/old/2012127134534903.jpg,643,327
http://www.tttou.com.cn/sanyuan-img/upfiles/UploadFile2/2012710145027708.jpg,/static/upfiles/old/2012710145027708.jpg,626,314
http://www.tttou.com.cn/sanyuan-img/upfiles/UploadFile2/2012731154411587.jpg,/static/upfiles/old/2012731154411587.jpg,632,319
http://www.tttou.com.cn/sanyuan-img/upfiles/image/20141127145846.jpg,/static/upfiles/old/20141127145846.jpg,671,348
http://www.tttou.com.cn/sanyuan-img/upfiles/UploadFile2/2012710153034598.jpg,/static/upfiles/old/2012710153034598.jpg,630,317
http://www.tttou.com.cn/sanyuan-img/upfiles/UploadFile2/20121011134225842.jpg,/static/upfiles/old/20121011134225842.jpg,637,323
http://www.tttou.com.cn/sanyuan-img/upfiles/UploadFile2/2012731154313632.jpg,/static/upfiles/old/2012731154313632.jpg,632,319
http://www.tttou.com.cn/sanyuan-img/upfiles/image/20140714091657.jpg,/static/upfiles/old/20140714091657.jpg,664,342
/upfiles/image/20160701075714.png,/static/upfiles/old/20160701075714.png,766,378
http://www.tttou.com.cn/sanyuan-img/upfiles/UploadFile2/2012127134015221.jpg,/static/upfiles/old/2012127134015221.jpg,643,327
http://www.tttou.com.cn/sanyuan-img/upfiles/UploadFile2/2012127134555612.jpg,/static/upfiles/old/2012127134555612.jpg,643,327
http://www.tttou.com.cn/sanyuan-img/upfiles/UploadFile2/201188134645794.jpg,/static/upfiles/old/201188134645794.jpg,582,294
http://www.tttou.com.cn/sanyuan-img/upfiles/UploadFile2/2012710153028989.jpg,/static/upfiles/old/2012710153028989.jpg,630,317
http://player.youku.com/player.php/sid/XNDMyNDM1MDk2/v.swf,/static/upfiles/old/v.swf,635,321
http://www.tttou.com.cn/sanyuan-img/upfiles/UploadFile2/201272714530156.jpg,/static/upfiles/old/201272714530156.jpg,632,319
http://www.tttou.com.cn/sanyuan-img/upfiles/image/20140721085658.jpg,/static/upfiles/old/20140721085658.jpg,665,343
/upfiles/image/20171123132744.jpg,/static/upfiles/old/20171123132744.jpg,789,390
/upfiles/image/20180203160553.png,/static/upfiles/old/20180203160553.png,806,403
http://www.tttou.com.cn/sanyuan-img/upfiles/UploadFile2/2013101283128178.jpg,/static/upfiles/old/2013101283128178.jpg,654,336
http://www.tttou.com.cn/sanyuan-img/upfiles/UploadFile2/2013599185861.jpg,/static/upfiles/old/2013599185861.jpg,647,331
http://www.tttou.com.cn/sanyuan-img/upfiles/UploadFile2/201188143414931.jpg,/static/upfiles/old/201188143414931.jpg,580,293
/upfiles/image/20161013095024.png,/static/upfiles/old/20161013095024.png,769,381
/upfiles/image/20180717212219.jpg,/static/upfiles/old/20180717212219.jpg,816,411
/upfiles/image/20180303094112.jpg,/static/upfiles/old/20180303094112.jpg,810,405
http://www.tttou.com.cn/sanyuan-img/upfiles/UploadFile/081231119A0.jpg,/static/upfiles/old/081231119A0.jpg,443,272
http://www.tttou.com.cn/sanyuan-img/upfiles/UploadFile2/20138811306965.jpg,/static/upfiles/old/20138811306965.jpg,652,334
http://www.tttou.com.cn/sanyuan-img/upfiles/UploadFile2/2011810143044282.jpg,/static/upfiles/old/2011810143044282.jpg,588,296
http://www.tttou.com.cn/sanyuan-img/upfiles/UploadFile/09080315133.jpg,/static/upfiles/old/09080315133.jpg,449,278
http://www.tttou.com.cn/sanyuan-img/upfiles/UploadFile2/2013220102557549.jpg,/static/upfiles/old/2013220102557549.jpg,646,330
http://player.youku.com/player.php/sid/XNzM4ODE3NTg0/v.swf,/static/upfiles/old/v.swf,659,339
http://www.tttou.com.cn/sanyuan-img/upfiles/image/20150423104610.jpg,/static/upfiles/old/20150423104610.jpg,691,356
http://www.tttou.com.cn/sanyuan-img/upfiles/image/20141020083338.jpg,/static/upfiles/old/20141020083338.jpg,670,347
http://www.tttou.com.cn/sanyuan-img/upfiles/UploadFile/0903131375C.jpg,/static/upfiles/old/0903131375C.jpg,446,275
http://www.tttou.com.cn/sanyuan-img/upfiles/image/20140930142553.jpg,/static/upfiles/old/20140930142553.jpg,668,345
http://www.tttou.com.cn/sanyuan-img/upfiles/UploadFile2/2012710151719763.jpg,/static/upfiles/old/2012710151719763.jpg,628,316
http://www.tttou.com.cn/sanyuan-img/upfiles/UploadFile2/2012710151631935.jpg,/static/upfiles/old/2012710151631935.jpg,628,316
http://www.tttou.com.cn/sanyuan-img/upfiles/UploadFile2/201388112943390.jpg,/static/upfiles/old/201388112943390.jpg,652,334
http://www.tttou.com.cn/sanyuan-img/upfiles/image/20140714091711.jpg,/static/upfiles/old/20140714091711.jpg,664,342
http://www.tttou.com.cn/sanyuan-img/upfiles/UploadFile2/2013220102557137.jpg,/static/upfiles/old/2013220102557137.jpg,646,330
http://www.tttou.com.cn/sanyuan-img/upfiles/UploadFile2/201351392952541.jpg,/static/upfiles/old/201351392952541.jpg,650,332
http://www.tttou.com.cn/sanyuan-img/upfiles/UploadFile2/2012101113342100.jpg,/static/upfiles/old/2012101113342100.jpg,637,323
/upfiles/image/20160701075729.png,/static/upfiles/old/20160701075729.png,766,378
http://www.tttou.com.cn/sanyuan-img/upfiles/UploadFile/100312097DF.jpg,/static/upfiles/old/100312097DF.jpg,454,283
/upfiles/image/20151119142406.jpg,/static/upfiles/old/20151119142406.jpg,714,363
http://www.tttou.com.cn/sanyuan-img/upfiles/UploadFile/081008107C0.jpg,/static/upfiles/old/081008107C0.jpg,437,266
http://www.tttou.com.cn/sanyuan-img/upfiles/image/20150109130821.jpg,/static/upfiles/old/20150109130821.jpg,673,350
/upfiles/image/20180704133528.jpg,/static/upfiles/old/20180704133528.jpg,815,410
http://www.tttou.com.cn/sanyuan-img/upfiles/image/20150109130757.jpg,/static/upfiles/old/20150109130757.jpg,673,350
/upfiles/image/20180704133632.png,/static/upfiles/old/20180704133632.png,815,410
http://www.tttou.com.cn/sanyuan-img/upfiles/UploadFile2/2013716974523.jpg,/static/upfiles/old/2013716974523.jpg,651,333
http://www.tttou.com.cn/sanyuan-img/upfiles/UploadFile2/201351392946481.jpg,/static/upfiles/old/201351392946481.jpg,650,332
http://www.tttou.com.cn/sanyuan-img/upfiles/UploadFile2/20135991735655.jpg,/static/upfiles/old/20135991735655.jpg,647,331
http://www.tttou.com.cn/sanyuan-img/upfiles/image/20140711150035.jpg,/static/upfiles/old/20140711150035.jpg,663,341
http://www.tttou.com.cn/sanyuan-img/upfiles/UploadFile2/2013101283111548.jpg,/static/upfiles/old/2013101283111548.jpg,654,336
http://www.tttou.com.cn/sanyuan-img/upfiles/image/20140901083447.jpg,/static/upfiles/old/20140901083447.jpg,666,344
http://www.tttou.com.cn/sanyuan-img/upfiles/UploadFile2/2012210153857173.jpg,/static/upfiles/old/2012210153857173.jpg,622,310
http://www.tttou.com.cn/sanyuan-img/upfiles/UploadFile2/20121011133813550.jpg,/static/upfiles/old/20121011133813550.jpg,637,323
http://www.tttou.com.cn/sanyuan-img/upfiles/image/20140714091627.jpg,/static/upfiles/old/20140714091627.jpg,664,342
http://www.tttou.com.cn/sanyuan-img/upfiles/UploadFile2/2012710145538394.jpg,/static/upfiles/old/2012710145538394.jpg,627,315
/upfiles/image/20180303093735.jpg,/static/upfiles/old/20180303093735.jpg,810,405
http://www.tttou.com.cn/sanyuan-img/upfiles/UploadFile2/201271015174218.jpg,/static/upfiles/old/201271015174218.jpg,628,316
/upfiles/image/20180724125648.jpg,/static/upfiles/old/20180724125648.jpg,817,412
http://www.tttou.com.cn/sanyuan-img/upfiles/UploadFile2/2012119134021363.jpg,/static/upfiles/old/2012119134021363.jpg,641,326
http://player.youku.com/player.php/sid/XMjc3ODUwMzk2NA==/v.swf,/static/upfiles/old/v.swf,791,392
http://www.tttou.com.cn/sanyuan-img/upfiles/UploadFile2/2012210153829722.jpg,/static/upfiles/old/2012210153829722.jpg,622,310
http://www.tttou.com.cn/sanyuan-img/upfiles/UploadFile2/2012710151731388.jpg,/static/upfiles/old/2012710151731388.jpg,628,316
/upfiles/image/20171128131326.jpg,/static/upfiles/old/20171128131326.jpg,793,394
http://www.tttou.com.cn/sanyuan-img/upfiles/UploadFile2/2012210153848371.jpg,/static/upfiles/old/2012210153848371.jpg,622,310
http://www.tttou.com.cn/sanyuan-img/upfiles/UploadFile/100312097CA.jpg,/static/upfiles/old/100312097CA.jpg,454,283
http://www.tttou.com.cn/sanyuan-img/upfiles/UploadFile2/201211913429539.jpg,/static/upfiles/old/201211913429539.jpg,641,326
/upfiles/image/20180704133458.jpg,/static/upfiles/old/20180704133458.jpg,815,410
http://www.tttou.com.cn/sanyuan-img/upfiles/UploadFile2/2012119134122714.jpg,/static/upfiles/old/2012119134122714.jpg,641,326
http://www.tttou.com.cn/sanyuan-img/upfiles/UploadFile2/2012127134854574.jpg,/static/upfiles/old/2012127134854574.jpg,643,327
http://www.tttou.com.cn/sanyuan-img/upfiles/UploadFile2/20121011134121343.jpg,/static/upfiles/old/20121011134121343.jpg,637,323
http://www.tttou.com.cn/sanyuan-img/upfiles/UploadFile2/2012320162017629.jpg,/static/upfiles/old/2012320162017629.jpg,624,312
/upfiles/image/20180303093634.jpg,/static/upfiles/old/20180303093634.jpg,810,405
http://www.tttou.com.cn/sanyuan-img/upfiles/UploadFile/1004290904C.jpg,/static/upfiles/old/1004290904C.jpg,457,286
http://www.tttou.com.cn/sanyuan-img/upfiles/UploadFile2/201388112926826.jpg,/static/upfiles/old/201388112926826.jpg,653,335
/upfiles/image/20190130075859.jpg,/static/upfiles/old/20190130075859.jpg,821,415
http://www.tttou.com.cn/sanyuan-img/upfiles/UploadFile2/2012710151538261.jpg,/static/upfiles/old/2012710151538261.jpg,628,316
http://www.tttou.com.cn/sanyuan-img/upfiles/image/20150109130738.jpg,/static/upfiles/old/20150109130738.jpg,673,350
http://player.56.com/v_58486011.swf,/static/upfiles/old/v_58486011.swf,552,291
http://www.tttou.com.cn/sanyuan-img/upfiles/UploadFile2/2013101283123401.jpg,/static/upfiles/old/2013101283123401.jpg,654,336
/upfiles/image/20180704133911.png,/static/upfiles/old/20180704133911.png,815,410
http://player.youku.com/player.php/sid/XMjc3OTAxNDE2OA==/v.swf,/static/upfiles/old/v.swf,790,391
http://www.tttou.com.cn/sanyuan-img/upfiles/image/20140714091433.jpg,/static/upfiles/old/20140714091433.jpg,664,342
http://www.tttou.com.cn/sanyuan-img/upfiles/image/20140721085709.jpg,/static/upfiles/old/20140721085709.jpg,665,343
http://www.tttou.com.cn/sanyuan-img/upfiles/image/20140714091412.jpg,/static/upfiles/old/20140714091412.jpg,664,342
http://www.tttou.com.cn/sanyuan-img/upfiles/UploadFile2/201232016214844.jpg,/static/upfiles/old/201232016214844.jpg,624,312
http://www.tttou.com.cn/sanyuan-img/upfiles/UploadFile/1006251799B.jpg,/static/upfiles/old/1006251799B.jpg,460,289
http://www.tttou.com.cn/sanyuan-img/upfiles/UploadFile2/20118814153647.jpg,/static/upfiles/old/20118814153647.jpg,583,295
/upfiles/image/20180717212153.jpg,/static/upfiles/old/20180717212153.jpg,816,411
http://www.tttou.com.cn/sanyuan-img/upfiles/image/20140714091555.jpg,/static/upfiles/old/20140714091555.jpg,664,342
/upfiles/image/20180504152346.jpg,/static/upfiles/old/20180504152346.jpg,812,407
http://www.tttou.com.cn/sanyuan-img/upfiles/image/20150310084214.jpg,/static/upfiles/old/20150310084214.jpg,677,353
http://www.tttou.com.cn/sanyuan-img/upfiles/image/20150423104618.jpg,/static/upfiles/old/20150423104618.jpg,691,356
http://www.tttou.com.cn/sanyuan-img/upfiles/UploadFile2/2013220102538889.jpg,/static/upfiles/old/2013220102538889.jpg,646,330
http://www.tttou.com.cn/sanyuan-img/upfiles/UploadFile2/20135991912145.jpg,/static/upfiles/old/20135991912145.jpg,647,331
http://www.tttou.com.cn/sanyuan-img/upfiles/image/20150109130806.jpg,/static/upfiles/old/20150109130806.jpg,673,350
http://www.tttou.com.cn/sanyuan-img/upfiles/UploadFile2/20135139305448.jpg,/static/upfiles/old/20135139305448.jpg,650,332
http://www.tttou.com.cn/sanyuan-img/upfiles/UploadFile/10041211A6A.jpg,/static/upfiles/old/10041211A6A.jpg,456,285
http://www.tttou.com.cn/sanyuan-img/upfiles/UploadFile2/20121011134019491.jpg,/static/upfiles/old/20121011134019491.jpg,637,323
http://www.tttou.com.cn/sanyuan-img/upfiles/UploadFile2/2013101283134817.jpg,/static/upfiles/old/2013101283134817.jpg,654,336
http://player.youku.com/player.php/sid/XMTQ4MjgyMTY2MA==/v.swf,/static/upfiles/old/v.swf,735,371
/upfiles/image/20160419090030.png,/static/upfiles/old/20160419090030.png,760,375
http://www.tttou.com.cn/sanyuan-img/upfiles/UploadFile2/2012710153121690.jpg,/static/upfiles/old/2012710153121690.jpg,630,317
http://player.56.com/v_58486955.swf,/static/upfiles/old/v_58486955.swf,554,292
/upfiles/image/20180717212229.jpg,/static/upfiles/old/20180717212229.jpg,816,411
http://www.tttou.com.cn/sanyuan-img/upfiles/image/20140930142529.jpg,/static/upfiles/old/20140930142529.jpg,668,345
http://www.tttou.com.cn/sanyuan-img/upfiles/UploadFile/10041211A5E.jpg,/static/upfiles/old/10041211A5E.jpg,456,285
http://www.tttou.com.cn/sanyuan-img/upfiles/UploadFile2/2012710145017113.jpg,/static/upfiles/old/2012710145017113.jpg,626,314
http://www.tttou.com.cn/sanyuan-img/upfiles/image/20140930143731.jpg,/static/upfiles/old/20140930143731.jpg,668,345
http://www.tttou.com.cn/sanyuan-img/upfiles/UploadFile/10061708A80.jpg,/static/upfiles/old/10061708A80.jpg,459,288
http://player.youku.com/player.php/sid/XMzEzNTMwNDg0/v.swf,/static/upfiles/old/v.swf,614,303
http://www.tttou.com.cn/sanyuan-img/upfiles/image/20140714091534.jpg,/static/upfiles/old/20140714091534.jpg,664,342
http://www.tttou.com.cn/sanyuan-img/upfiles/UploadFile2/2012320161935571.jpg,/static/upfiles/old/2012320161935571.jpg,624,312
http://www.tttou.com.cn/sanyuan-img/upfiles/UploadFile2/201310128314441.jpg,/static/upfiles/old/201310128314441.jpg,654,336
http://www.tttou.com.cn/sanyuan-img/upfiles/UploadFile2/201181594957717.jpg,/static/upfiles/old/201181594957717.jpg,589,297
/upfiles/image/20180704133841.png,/static/upfiles/old/20180704133841.png,815,410
/upfiles/image/20161013095041.png,/static/upfiles/old/20161013095041.png,769,381
/upfiles/image/20190703172622.jpg,/static/upfiles/old/20190703172622.jpg,823,416
/upfiles/image/20171123132405.jpg,/static/upfiles/old/20171123132405.jpg,796,396
http://www.tttou.com.cn/sanyuan-img/upfiles/UploadFile/081023083BC.jpg,/static/upfiles/old/081023083BC.jpg,439,268
http://www.tttou.com.cn/sanyuan-img/upfiles/UploadFile2/201351392959215.jpg,/static/upfiles/old/201351392959215.jpg,650,332
/upfiles/image/20160216080016.jpg,/static/upfiles/old/20160216080016.jpg,734,370
http://www.tttou.com.cn/sanyuan-img/upfiles/UploadFile2/20135991923541.jpg,/static/upfiles/old/20135991923541.jpg,647,331
http://www.tttou.com.cn/sanyuan-img/upfiles/UploadFile2/2012710151556682.jpg,/static/upfiles/old/2012710151556682.jpg,628,316
http://www.tttou.com.cn/sanyuan-img/upfiles/UploadFile2/2012727145314591.jpg,/static/upfiles/old/2012727145314591.jpg,632,319
http://www.tttou.com.cn/sanyuan-img/upfiles/UploadFile2/2012320162037957.jpg,/static/upfiles/old/2012320162037957.jpg,624,312
http://www.tttou.com.cn/sanyuan-img/upfiles/UploadFile2/201388112943390.jpg,/static/upfiles/old/201388112943390.jpg,653,335
/upfiles/image/20160216080053.jpg,/static/upfiles/old/20160216080053.jpg,734,370
http://www.tttou.com.cn/sanyuan-img/upfiles/UploadFile2/20137269024690.jpg,/static/upfiles/old/20137269024690.jpg,651,333
http://www.tttou.com.cn/sanyuan-img/upfiles/UploadFile2/2012101113396269.jpg,/static/upfiles/old/2012101113396269.jpg,637,323
http://www.tttou.com.cn/sanyuan-img/upfiles/UploadFile2/2011810143045952.jpg,/static/upfiles/old/2011810143045952.jpg,588,296
http://www.tttou.com.cn/sanyuan-img/upfiles/UploadFile2/2013101283057516.jpg,/static/upfiles/old/2013101283057516.jpg,654,336
http://www.tttou.com.cn/sanyuan-img/upfiles/UploadFile2/20118159508776.jpg,/static/upfiles/old/20118159508776.jpg,589,297
http://www.tttou.com.cn/sanyuan-img/upfiles/UploadFile/081231119AF.jpg,/static/upfiles/old/081231119AF.jpg,443,272
/upfiles/image/20181229104732.jpg,/static/upfiles/old/20181229104732.jpg,819,413
http://www.tttou.com.cn/sanyuan-img/upfiles/UploadFile/10061708AA7.jpg,/static/upfiles/old/10061708AA7.jpg,459,288
/upfiles/image/20150930134844.png,/static/upfiles/old/20150930134844.png,702,361
http://www.tttou.com.cn/sanyuan-img/upfiles/UploadFile2/2012710145633623.jpg,/static/upfiles/old/2012710145633623.jpg,627,315
http://www.tttou.com.cn/sanyuan-img/upfiles/image/20140901083220.jpg,/static/upfiles/old/20140901083220.jpg,666,344
/upfiles/image/20180117082639.png,/static/upfiles/old/20180117082639.png,803,401
http://www.tttou.com.cn/sanyuan-img/upfiles/image/20150511121249.jpg,/static/upfiles/old/20150511121249.jpg,692,357
http://www.tttou.com.cn/sanyuan-img/upfiles/image/20140930142624.jpg,/static/upfiles/old/20140930142624.jpg,668,345
/upfiles/image/20160125123526.png,/static/upfiles/old/20160125123526.png,730,368
http://www.tttou.com.cn/sanyuan-img/upfiles/image/20140711145034.jpg,/static/upfiles/old/20140711145034.jpg,662,340
/upfiles/image/20180102153640.jpg,/static/upfiles/old/20180102153640.jpg,802,400
/upfiles/image/20180303093827.jpg,/static/upfiles/old/20180303093827.jpg,810,405
http://www.tttou.com.cn/sanyuan-img/upfiles/UploadFile2/2012731154313322.jpg,/static/upfiles/old/2012731154313322.jpg,632,319
http://www.tttou.com.cn/sanyuan-img/upfiles/UploadFile2/2012127134652201.jpg,/static/upfiles/old/2012127134652201.jpg,643,327
http://www.tttou.com.cn/sanyuan-img/upfiles/UploadFile2/2013220102556907.jpg,/static/upfiles/old/2013220102556907.jpg,646,330
http://www.tttou.com.cn/sanyuan-img/upfiles/UploadFile2/2012710151545959.jpg,/static/upfiles/old/2012710151545959.jpg,628,316
http://www.tttou.com.cn/sanyuan-img/upfiles/UploadFile2/201211282456961.jpg,/static/upfiles/old/201211282456961.jpg,621,309
http://www.tttou.com.cn/sanyuan-img/upfiles/image/20140930142427.jpg,/static/upfiles/old/20140930142427.jpg,668,345
http://www.tttou.com.cn/sanyuan-img/upfiles/image/20141020083347.jpg,/static/upfiles/old/20141020083347.jpg,670,347
http://player.youku.com/player.php/sid/XMzEyNjU0NTM2/v.swf,/static/upfiles/old/v.swf,610,301
http://www.tttou.com.cn/sanyuan-img/upfiles/UploadFile2/2011810143029540.jpg,/static/upfiles/old/2011810143029540.jpg,588,296
/upfiles/image/20180102153701.jpg,/static/upfiles/old/20180102153701.jpg,802,400
http://www.tttou.com.cn/sanyuan-img/upfiles/UploadFile2/2013599175856.jpg,/static/upfiles/old/2013599175856.jpg,647,331
http://www.tttou.com.cn/sanyuan-img/upfiles/UploadFile/10041211A77.jpg,/static/upfiles/old/10041211A77.jpg,456,285
/upfiles/image/20191009110217.jpg,/static/upfiles/old/20191009110217.jpg,825,417
http://www.tttou.com.cn/sanyuan-img/upfiles/UploadFile/10061708A88.jpg,/static/upfiles/old/10061708A88.jpg,459,288
http://www.tttou.com.cn/sanyuan-img/upfiles/UploadFile2/2012710145042589.jpg,/static/upfiles/old/2012710145042589.jpg,626,314
http://www.tttou.com.cn/sanyuan-img/upfiles/UploadFile2/2012710153058387.jpg,/static/upfiles/old/2012710153058387.jpg,630,317
/upfiles/image/20180717212208.jpg,/static/upfiles/old/20180717212208.jpg,816,411
http://www.tttou.com.cn/sanyuan-img/upfiles/image/20140901083438.jpg,/static/upfiles/old/20140901083438.jpg,666,344
http://www.tttou.com.cn/sanyuan-img/upfiles/UploadFile/0809251440B.jpg,/static/upfiles/old/0809251440B.jpg,434,263
http://www.tttou.com.cn/sanyuan-img/upfiles/image/20141127145822.jpg,/static/upfiles/old/20141127145822.jpg,671,348
/upfiles/image/20150713132742.jpg,/static/upfiles/old/20150713132742.jpg,696,359
http://www.tttou.com.cn/sanyuan-img/upfiles/UploadFile2/2013220102557280.jpg,/static/upfiles/old/2013220102557280.jpg,646,330
http://www.tttou.com.cn/sanyuan-img/upfiles/UploadFile2/2012127134719390.jpg,/static/upfiles/old/2012127134719390.jpg,643,327
/upfiles/image/20160728173338.png,/static/upfiles/old/20160728173338.png,767,379
http://www.tttou.com.cn/sanyuan-img/upfiles/UploadFile2/201273115438761.jpg,/static/upfiles/old/201273115438761.jpg,632,319
/upfiles/image/20180203160443.png,/static/upfiles/old/20180203160443.png,806,403
http://www.tttou.com.cn/sanyuan-img/upfiles/image/20141127145853.jpg,/static/upfiles/old/20141127145853.jpg,671,348
http://www.tttou.com.cn/sanyuan-img/upfiles/image/20140901083316.jpg,/static/upfiles/old/20140901083316.jpg,666,344
http://www.tttou.com.cn/sanyuan-img/upfiles/UploadFile/091020091AA.jpg,/static/upfiles/old/091020091AA.jpg,451,280
http://www.tttou.com.cn/sanyuan-img/upfiles/image/20140711145126.jpg,/static/upfiles/old/20140711145126.jpg,662,340
/upfiles/image/20160118075008.jpg,/static/upfiles/old/20160118075008.jpg,728,366
http://www.tttou.com.cn/sanyuan-img/upfiles/UploadFile/09102009140.jpg,/static/upfiles/old/09102009140.jpg,451,280
http://www.tttou.com.cn/sanyuan-img/upfiles/image/20140711144358.jpg,/static/upfiles/old/20140711144358.jpg,662,340
http://www.tttou.com.cn/sanyuan-img/upfiles/UploadFile2/2013101283144735.jpg,/static/upfiles/old/2013101283144735.jpg,654,336
http://www.tttou.com.cn/sanyuan-img/upfiles/image/20150423104642.jpg,/static/upfiles/old/20150423104642.jpg,691,356
http://www.tttou.com.cn/sanyuan-img/upfiles/image/20140714091225.jpg,/static/upfiles/old/20140714091225.jpg,664,342
http://www.tttou.com.cn/sanyuan-img/upfiles/UploadFile2/2012119134021363.jpg,/static/upfiles/old/2012119134021363.jpg,639,325
http://www.tttou.com.cn/sanyuan-img/upfiles/UploadFile2/20118298444567.jpg,/static/upfiles/old/20118298444567.jpg,608,299
http://www.tttou.com.cn/sanyuan-img/upfiles/UploadFile/09080315125.jpg,/static/upfiles/old/09080315125.jpg,449,278
/upfiles/image/20160216075553.jpg,/static/upfiles/old/20160216075553.jpg,733,369
http://www.tttou.com.cn/sanyuan-img/upfiles/UploadFile2/201211913429539.jpg,/static/upfiles/old/201211913429539.jpg,639,325
http://www.tttou.com.cn/sanyuan-img/upfiles/image/20140711150024.jpg,/static/upfiles/old/20140711150024.jpg,663,341
http://www.tttou.com.cn/sanyuan-img/upfiles/UploadFile2/2012119134122714.jpg,/static/upfiles/old/2012119134122714.jpg,639,325
/upfiles/image/20191217164954.png,/static/upfiles/old/20191217164954.png,827,419
http://www.tttou.com.cn/sanyuan-img/upfiles/UploadFile2/2012320162126618.jpg,/static/upfiles/old/2012320162126618.jpg,624,312
http://www.tttou.com.cn/sanyuan-img/upfiles/UploadFile/080813080BD.jpg,/static/upfiles/old/080813080BD.jpg,432,261
http://www.tttou.com.cn/sanyuan-img/upfiles/UploadFile2/2012710144759473.jpg,/static/upfiles/old/2012710144759473.jpg,626,314
http://www.tttou.com.cn/sanyuan-img/upfiles/image/20150310084228.jpg,/static/upfiles/old/20150310084228.jpg,677,353
http://www.tttou.com.cn/sanyuan-img/upfiles/UploadFile2/201182984357286.jpg,/static/upfiles/old/201182984357286.jpg,607,298
http://www.tttou.com.cn/sanyuan-img/upfiles/image/20140714091649.jpg,/static/upfiles/old/20140714091649.jpg,664,342
/upfiles/image/20190130075542.jpg,/static/upfiles/old/20190130075542.jpg,820,414
http://www.tttou.com.cn/sanyuan-img/upfiles/UploadFile2/20137169726312.jpg,/static/upfiles/old/20137169726312.jpg,651,333
http://www.tttou.com.cn/sanyuan-img/upfiles/UploadFile2/201182984357286.jpg,/static/upfiles/old/201182984357286.jpg,608,299
http://www.tttou.com.cn/sanyuan-img/upfiles/image/20141127145807.jpg,/static/upfiles/old/20141127145807.jpg,671,348
http://www.tttou.com.cn/sanyuan-img/upfiles/UploadFile2/2012710153126570.jpg,/static/upfiles/old/2012710153126570.jpg,630,317
/upfiles/image/20180704133736.png,/static/upfiles/old/20180704133736.png,815,410
http://www.tttou.com.cn/sanyuan-img/upfiles/UploadFile/0908031507F.jpg,/static/upfiles/old/0908031507F.jpg,449,278
/upfiles/image/20161129154744.jpg,/static/upfiles/old/20161129154744.jpg,772,383
http://www.tttou.com.cn/sanyuan-img/upfiles/image/20150421134206.jpg,/static/upfiles/old/20150421134206.jpg,689,355
